<?xml version="1.0" encoding="UTF-8"?>
<project-private xmlns="http://www.netbeans.org/ns/project-private/1">
    <editor-bookmarks xmlns="http://www.netbeans.org/ns/editor-bookmarks/2" lastBookmarkId="0"/>
    <open-files xmlns="http://www.netbeans.org/ns/projectui-open-files/2">
        <group>
            <file>file:/C:/Users/Administrator/Documents/NetBeansProjects/INFS2605-Assignment-master/src/infs2605/assignment/DBController.java</file>
            <file>file:/C:/Users/Administrator/Documents/NetBeansProjects/INFS2605-Assignment-master/src/infs2605/assignment/SignUp1Controller.java</file>
            <file>file:/C:/Users/Administrator/Documents/NetBeansProjects/INFS2605-Assignment-master/src/infs2605/assignment/WelcomeController.java</file>
            <file>file:/C:/Users/Administrator/Documents/NetBeansProjects/INFS2605-Assignment-master/src/infs2605/assignment/SignUp5Controller.java</file>
        </group>
    </open-files>
</project-private>
